{
    "Lost": {
        "precision": 0.49834358731661144,
        "recall": 0.6260404280618311,
        "f1-score": 0.5549407114624506,
        "support": 1682.0
    },
    "Settled": {
        "precision": 0.19101123595505617,
        "recall": 0.027243589743589744,
        "f1-score": 0.047685834502103785,
        "support": 624.0
    },
    "Won": {
        "precision": 0.4196547144754316,
        "recall": 0.4507845934379458,
        "f1-score": 0.4346629986244842,
        "support": 1402.0
    },
    "accuracy": 0.459007551240561,
    "macro avg": {
        "precision": 0.36966984591569974,
        "recall": 0.3680228704144555,
        "f1-score": 0.34576318152967955,
        "support": 3708.0
    },
    "weighted avg": {
        "precision": 0.4168718540445121,
        "recall": 0.459007551240561,
        "f1-score": 0.42410025929899714,
        "support": 3708.0
    }
}