{
    "Lost": {
        "precision": 0.48852295409181634,
        "recall": 0.5820451843043996,
        "f1-score": 0.5311991318502441,
        "support": 1682.0
    },
    "Settled": {
        "precision": 0.15584415584415584,
        "recall": 0.038461538461538464,
        "f1-score": 0.061696658097686374,
        "support": 624.0
    },
    "Won": {
        "precision": 0.4070967741935484,
        "recall": 0.4500713266761769,
        "f1-score": 0.4275067750677507,
        "support": 1402.0
    },
    "accuracy": 0.4406688241639698,
    "macro avg": {
        "precision": 0.3504879613765069,
        "recall": 0.3568593498140383,
        "f1-score": 0.3401341883385604,
        "support": 3708.0
    },
    "weighted avg": {
        "precision": 0.4017508197002544,
        "recall": 0.4406688241639698,
        "f1-score": 0.4129827813026034,
        "support": 3708.0
    }
}